request,response_time_ms,timestamp
2,,1763994434115
5,,1763994434126
3,,1763994434143
7,,1763994434164
8,,1763994434133
10,,1763994434159
4,,1763994434163
11,,1763994434162
9,,1763994434157
6,,1763994434157
13,,1763994434169
18,,1763994434202
19,,1763994434156
14,,1763994434160
17,,1763994434204
20,,1763994434198
15,,1763994434216
16,,1763994434151
1,,1763994434136
22,,1763994434155
12,,1763994434223
21,,1763994434224
29,,1763994434292
26,,1763994434292
30,,1763994434290
31,,1763994434296
24,,1763994434293
36,,1763994434351
39,,1763994434368
38,,1763994434366
28,,1763994434294
40,,1763994434365
34,,1763994434356
23,,1763994434300
27,,1763994434304
41,,1763994434280
33,,1763994434369
35,,1763994434374
25,,1763994434294
37,,1763994434377
44,,1763994434429
48,,1763994434494
32,,1763994434373
43,,1763994434438
45,,1763994434451
49,,1763994434485
42,,1763994434431
46,,1763994434450
47,,1763994434463
50,,1763994434518
