run,time_total_seconds,size_download_bytes,throughput_bps,throughput_Mbps
1,0.2474,255,1030.72,0.0082,1030.72,0.0082
2,0.2272,255,1122.36,0.0090,1122.36,0.0090
3,0.2556,255,997.65,0.0080,997.65,0.0080
4,0.2286,255,1115.49,0.0089,1115.49,0.0089
5,0.2319,255,1099.61,0.0088,1099.61,0.0088
6,0.2476,255,1029.89,0.0082,1029.89,0.0082
7,0.2343,255,1088.35,0.0087,1088.35,0.0087
8,0.2163,255,1178.92,0.0094,1178.92,0.0094
9,0.3186,255,800.38,0.0064,800.38,0.0064
10,0.2574,255,990.68,0.0079,990.68,0.0079
11,0.2250,255,1133.33,0.0091,1133.33,0.0091
12,0.2560,255,996.09,0.0080,996.09,0.0080
13,0.2145,255,1188.81,0.0095,1188.81,0.0095
14,0.2223,255,1147.10,0.0092,1147.10,0.0092
15,0.2449,255,1041.24,0.0083,1041.24,0.0083
16,0.2334,255,1092.54,0.0087,1092.54,0.0087
17,0.2362,255,1079.59,0.0086,1079.59,0.0086
18,0.2322,255,1098.19,0.0088,1098.19,0.0088
19,0.2503,255,1018.78,0.0082,1018.78,0.0082
20,0.2966,255,859.74,0.0069,859.74,0.0069
21,0.2198,255,1160.15,0.0093,1160.15,0.0093
22,0.2138,255,1192.70,0.0095,1192.70,0.0095
23,0.2349,255,1085.57,0.0087,1085.57,0.0087
24,0.2355,255,1082.80,0.0087,1082.80,0.0087
25,0.2196,255,1161.20,0.0093,1161.20,0.0093
26,0.2593,255,983.42,0.0079,983.42,0.0079
27,0.2412,255,1057.21,0.0085,1057.21,0.0085
28,0.2846,255,895.99,0.0072,895.99,0.0072
29,0.3394,255,751.33,0.0060,751.33,0.0060
30,0.2291,255,1113.05,0.0089,1113.05,0.0089
31,0.2341,255,1089.28,0.0087,1089.28,0.0087
32,0.2801,255,910.39,0.0073,910.39,0.0073
33,0.2511,255,1015.53,0.0081,1015.53,0.0081
34,0.2561,255,995.70,0.0080,995.70,0.0080
35,0.2737,255,931.68,0.0075,931.68,0.0075
36,0.3103,255,821.79,0.0066,821.79,0.0066
37,0.3244,255,786.07,0.0063,786.07,0.0063
38,0.2497,255,1021.23,0.0082,1021.23,0.0082
39,0.2551,255,999.61,0.0080,999.61,0.0080
40,0.2547,255,1001.18,0.0080,1001.18,0.0080
41,0.2555,255,998.04,0.0080,998.04,0.0080
42,0.2268,255,1124.34,0.0090,1124.34,0.0090
43,0.2585,255,986.46,0.0079,986.46,0.0079
44,0.2385,255,1069.18,0.0086,1069.18,0.0086
45,0.2645,255,964.08,0.0077,964.08,0.0077
46,0.2675,255,953.27,0.0076,953.27,0.0076
47,0.2512,255,1015.13,0.0081,1015.13,0.0081
48,0.2316,255,1101.04,0.0088,1101.04,0.0088
49,0.2465,255,1034.48,0.0083,1034.48,0.0083
50,0.3360,255,758.93,0.0061,758.93,0.0061
51,0.2261,255,1127.82,0.0090,1127.82,0.0090
52,0.2640,255,965.91,0.0077,965.91,0.0077
53,0.2463,255,1035.32,0.0083,1035.32,0.0083
54,0.2395,255,1064.72,0.0085,1064.72,0.0085
55,0.2362,255,1079.59,0.0086,1079.59,0.0086
56,0.2254,255,1131.32,0.0091,1131.32,0.0091
57,0.2408,255,1058.97,0.0085,1058.97,0.0085
58,0.2397,255,1063.83,0.0085,1063.83,0.0085
59,0.2434,255,1047.66,0.0084,1047.66,0.0084
60,0.5998,255,425.14,0.0034,425.14,0.0034
61,0.2354,255,1083.26,0.0087,1083.26,0.0087
62,0.2271,255,1122.85,0.0090,1122.85,0.0090
63,0.2623,255,972.17,0.0078,972.17,0.0078
64,0.2301,255,1108.21,0.0089,1108.21,0.0089
65,0.2297,255,1110.14,0.0089,1110.14,0.0089
66,0.2241,255,1137.88,0.0091,1137.88,0.0091
67,0.2740,255,930.66,0.0074,930.66,0.0074
68,0.2318,255,1100.09,0.0088,1100.09,0.0088
69,0.2198,255,1160.15,0.0093,1160.15,0.0093
70,0.2300,255,1108.70,0.0089,1108.70,0.0089
71,0.2249,255,1133.84,0.0091,1133.84,0.0091
72,0.2706,255,942.35,0.0075,942.35,0.0075
73,0.2267,255,1124.83,0.0090,1124.83,0.0090
74,0.2300,255,1108.70,0.0089,1108.70,0.0089
75,0.2387,255,1068.29,0.0085,1068.29,0.0085
76,0.2236,255,1140.43,0.0091,1140.43,0.0091
77,0.2405,255,1060.29,0.0085,1060.29,0.0085
78,0.2219,255,1149.17,0.0092,1149.17,0.0092
79,0.2261,255,1127.82,0.0090,1127.82,0.0090
80,0.2309,255,1104.37,0.0088,1104.37,0.0088
81,0.2242,255,1137.38,0.0091,1137.38,0.0091
82,0.2852,255,894.11,0.0072,894.11,0.0072
83,0.2239,255,1138.90,0.0091,1138.90,0.0091
84,0.2378,255,1072.33,0.0086,1072.33,0.0086
85,0.2197,255,1160.67,0.0093,1160.67,0.0093
86,0.2428,255,1050.25,0.0084,1050.25,0.0084
87,0.2233,255,1141.96,0.0091,1141.96,0.0091
88,0.2233,255,1141.96,0.0091,1141.96,0.0091
89,0.2307,255,1105.33,0.0088,1105.33,0.0088
90,0.2241,255,1137.88,0.0091,1137.88,0.0091
91,0.2961,255,861.20,0.0069,861.20,0.0069
92,0.2274,255,1121.37,0.0090,1121.37,0.0090
93,0.2318,255,1100.09,0.0088,1100.09,0.0088
94,0.2240,255,1138.39,0.0091,1138.39,0.0091
95,0.2301,255,1108.21,0.0089,1108.21,0.0089
96,0.2525,255,1009.90,0.0081,1009.90,0.0081
97,0.2191,255,1163.85,0.0093,1163.85,0.0093
98,0.2314,255,1101.99,0.0088,1101.99,0.0088
99,0.2276,255,1120.39,0.0090,1120.39,0.0090
100,0.2562,255,995.32,0.0080,995.32,0.0080
101,0.6094,255,418.44,0.0033,418.44,0.0033
102,0.2286,255,1115.49,0.0089,1115.49,0.0089
103,0.2306,255,1105.81,0.0088,1105.81,0.0088
104,0.2841,255,897.57,0.0072,897.57,0.0072
105,0.2286,255,1115.49,0.0089,1115.49,0.0089
106,0.2323,255,1097.72,0.0088,1097.72,0.0088
107,0.2247,255,1134.85,0.0091,1134.85,0.0091
108,0.2271,255,1122.85,0.0090,1122.85,0.0090
109,0.2560,255,996.09,0.0080,996.09,0.0080
110,0.2253,255,1131.82,0.0091,1131.82,0.0091
111,0.2269,255,1123.84,0.0090,1123.84,0.0090
112,0.2173,255,1173.49,0.0094,1173.49,0.0094
113,0.2300,255,1108.70,0.0089,1108.70,0.0089
114,0.2416,255,1055.46,0.0084,1055.46,0.0084
115,0.2235,255,1140.94,0.0091,1140.94,0.0091
116,0.2338,255,1090.68,0.0087,1090.68,0.0087
117,0.2302,255,1107.73,0.0089,1107.73,0.0089
118,0.2553,255,998.82,0.0080,998.82,0.0080
119,0.2757,255,924.92,0.0074,924.92,0.0074
120,0.2189,255,1164.92,0.0093,1164.92,0.0093
121,0.2358,255,1081.42,0.0087,1081.42,0.0087
122,0.2379,255,1071.88,0.0086,1071.88,0.0086
123,0.2493,255,1022.86,0.0082,1022.86,0.0082
124,0.2400,255,1062.50,0.0085,1062.50,0.0085
125,0.2264,255,1126.33,0.0090,1126.33,0.0090
126,0.2322,255,1098.19,0.0088,1098.19,0.0088
127,0.2294,255,1111.60,0.0089,1111.60,0.0089
128,0.2782,255,916.61,0.0073,916.61,0.0073
129,0.2291,255,1113.05,0.0089,1113.05,0.0089
130,0.2254,255,1131.32,0.0091,1131.32,0.0091
131,0.2336,255,1091.61,0.0087,1091.61,0.0087
132,0.2252,255,1132.33,0.0091,1132.33,0.0091
133,0.2587,255,985.70,0.0079,985.70,0.0079
134,0.2337,255,1091.14,0.0087,1091.14,0.0087
135,0.2300,255,1108.70,0.0089,1108.70,0.0089
136,0.2350,255,1085.11,0.0087,1085.11,0.0087
137,0.2408,255,1058.97,0.0085,1058.97,0.0085
138,0.2344,255,1087.88,0.0087,1087.88,0.0087
139,0.2165,255,1177.83,0.0094,1177.83,0.0094
140,0.2228,255,1144.52,0.0092,1144.52,0.0092
141,0.2261,255,1127.82,0.0090,1127.82,0.0090
142,0.3108,255,820.46,0.0066,820.46,0.0066
143,0.2312,255,1102.94,0.0088,1102.94,0.0088
144,0.2302,255,1107.73,0.0089,1107.73,0.0089
145,0.2497,255,1021.23,0.0082,1021.23,0.0082
146,0.2531,255,1007.51,0.0081,1007.51,0.0081
147,0.2371,255,1075.50,0.0086,1075.50,0.0086
148,0.2512,255,1015.13,0.0081,1015.13,0.0081
149,0.2209,255,1154.37,0.0092,1154.37,0.0092
150,0.2296,255,1110.63,0.0089,1110.63,0.0089
151,0.2376,255,1073.23,0.0086,1073.23,0.0086
152,0.2441,255,1044.65,0.0084,1044.65,0.0084
153,0.2235,255,1140.94,0.0091,1140.94,0.0091
154,0.2183,255,1168.12,0.0093,1168.12,0.0093
155,0.2250,255,1133.33,0.0091,1133.33,0.0091
156,0.2318,255,1100.09,0.0088,1100.09,0.0088
157,0.2291,255,1113.05,0.0089,1113.05,0.0089
158,0.2186,255,1166.51,0.0093,1166.51,0.0093
159,0.2213,255,1152.28,0.0092,1152.28,0.0092
160,0.2334,255,1092.54,0.0087,1092.54,0.0087
161,0.2506,255,1017.56,0.0081,1017.56,0.0081
162,0.2269,255,1123.84,0.0090,1123.84,0.0090
163,0.2309,255,1104.37,0.0088,1104.37,0.0088
164,0.2287,255,1115.00,0.0089,1115.00,0.0089
165,0.2573,255,991.06,0.0079,991.06,0.0079
166,0.2286,255,1115.49,0.0089,1115.49,0.0089
167,0.2259,255,1128.82,0.0090,1128.82,0.0090
168,0.2304,255,1106.77,0.0089,1106.77,0.0089
169,0.2336,255,1091.61,0.0087,1091.61,0.0087
170,0.2438,255,1045.94,0.0084,1045.94,0.0084
171,0.2332,255,1093.48,0.0087,1093.48,0.0087
172,0.2950,255,864.41,0.0069,864.41,0.0069
173,0.2311,255,1103.42,0.0088,1103.42,0.0088
174,0.2409,255,1058.53,0.0085,1058.53,0.0085
175,0.2364,255,1078.68,0.0086,1078.68,0.0086
176,0.2370,255,1075.95,0.0086,1075.95,0.0086
177,0.2236,255,1140.43,0.0091,1140.43,0.0091
178,0.2281,255,1117.93,0.0089,1117.93,0.0089
179,0.2628,255,970.32,0.0078,970.32,0.0078
180,0.2256,255,1130.32,0.0090,1130.32,0.0090
181,0.2285,255,1115.97,0.0089,1115.97,0.0089
182,0.2618,255,974.03,0.0078,974.03,0.0078
183,0.3388,255,752.66,0.0060,752.66,0.0060
184,0.2204,255,1156.99,0.0093,1156.99,0.0093
185,0.2204,255,1156.99,0.0093,1156.99,0.0093
186,0.2324,255,1097.25,0.0088,1097.25,0.0088
187,0.2209,255,1154.37,0.0092,1154.37,0.0092
188,0.2557,255,997.26,0.0080,997.26,0.0080
189,0.2226,255,1145.55,0.0092,1145.55,0.0092
190,0.2204,255,1156.99,0.0093,1156.99,0.0093
191,0.2307,255,1105.33,0.0088,1105.33,0.0088
192,0.2322,255,1098.19,0.0088,1098.19,0.0088
193,0.2588,255,985.32,0.0079,985.32,0.0079
194,0.2270,255,1123.35,0.0090,1123.35,0.0090
195,0.2221,255,1148.13,0.0092,1148.13,0.0092
196,0.2199,255,1159.62,0.0093,1159.62,0.0093
197,0.2401,255,1062.06,0.0085,1062.06,0.0085
198,0.2344,255,1087.88,0.0087,1087.88,0.0087
199,0.2155,255,1183.29,0.0095,1183.29,0.0095
200,0.2552,255,999.22,0.0080,999.22,0.0080

1,0.2236,255,1140.43,0.0091,10671,47723.61,0.3818,48864.04,0.3909
2,0.2336,255,1091.61,0.0087,10671,45680.65,0.3654,46772.26,0.3742
3,0.2222,255,1147.61,0.0092,10671,48024.30,0.3842,49171.92,0.3934
4,0.5824,255,437.84,0.0035,10671,18322.46,0.1466,18760.30,0.1501
5,0.2254,255,1131.32,0.0091,10671,47342.50,0.3787,48473.82,0.3878
6,0.2540,255,1003.94,0.0080,10671,42011.81,0.3361,43015.75,0.3441
7,0.2220,255,1148.65,0.0092,10671,48067.57,0.3845,49216.22,0.3937
8,0.2280,255,1118.42,0.0089,10671,46802.63,0.3744,47921.05,0.3834
9,0.2888,255,882.96,0.0071,10671,36949.45,0.2956,37832.41,0.3027
10,0.2285,255,1115.97,0.0089,10671,46700.22,0.3736,47816.19,0.3825
11,0.2300,255,1108.70,0.0089,10671,46395.65,0.3712,47504.35,0.3800
12,0.2181,255,1169.19,0.0094,10671,48927.10,0.3914,50096.29,0.4008
13,0.2193,255,1162.79,0.0093,10671,48659.37,0.3893,49822.16,0.3986
14,0.2344,255,1087.88,0.0087,10671,45524.74,0.3642,46612.63,0.3729
15,0.2255,255,1130.82,0.0090,10671,47321.51,0.3786,48452.33,0.3876
16,0.2132,255,1196.06,0.0096,10671,50051.59,0.4004,51247.65,0.4100
17,0.2323,255,1097.72,0.0088,10671,45936.29,0.3675,47034.01,0.3763
18,0.2406,255,1059.85,0.0085,10671,44351.62,0.3548,45411.47,0.3633
19,0.2829,255,901.38,0.0072,10671,37720.04,0.3018,38621.42,0.3090
20,0.2753,255,926.26,0.0074,10671,38761.35,0.3101,39687.61,0.3175
21,0.2319,255,1099.61,0.0088,10671,46015.52,0.3681,47115.14,0.3769
22,0.2698,255,945.14,0.0076,10671,39551.52,0.3164,40496.66,0.3240
23,0.3184,255,800.88,0.0064,10671,33514.45,0.2681,34315.33,0.2745
24,0.3047,255,836.89,0.0067,10671,35021.33,0.2802,35858.22,0.2869
25,0.2383,255,1070.08,0.0086,10671,44779.69,0.3582,45849.77,0.3668
26,0.2510,255,1015.94,0.0081,10671,42513.94,0.3401,43529.88,0.3482
27,0.2318,255,1100.09,0.0088,10671,46035.38,0.3683,47135.46,0.3771
28,0.2448,255,1041.67,0.0083,10671,43590.69,0.3487,44632.35,0.3571
29,0.3363,255,758.25,0.0061,10671,31730.60,0.2538,32488.85,0.2599
30,0.2243,255,1136.87,0.0091,10671,47574.68,0.3806,48711.55,0.3897
31,0.2312,255,1102.94,0.0088,10671,46154.84,0.3692,47257.79,0.3781
32,0.2197,255,1160.67,0.0093,10671,48570.78,0.3886,49731.45,0.3979
33,0.2247,255,1134.85,0.0091,10671,47489.99,0.3799,48624.83,0.3890
34,0.2292,255,1112.57,0.0089,10671,46557.59,0.3725,47670.16,0.3814
35,0.2545,255,1001.96,0.0080,10671,41929.27,0.3354,42931.24,0.3434
36,0.2398,255,1063.39,0.0085,10671,44499.58,0.3560,45562.97,0.3645
37,0.2881,255,885.11,0.0071,10671,37039.22,0.2963,37924.33,0.3034
38,0.2530,255,1007.91,0.0081,10671,42177.87,0.3374,43185.77,0.3455
39,0.2287,255,1115.00,0.0089,10671,46659.38,0.3733,47774.38,0.3822
40,0.2397,255,1063.83,0.0085,10671,44518.15,0.3561,45581.98,0.3647
41,0.2250,255,1133.33,0.0091,10671,47426.67,0.3794,48560.00,0.3885
42,0.2374,255,1074.14,0.0086,10671,44949.45,0.3596,46023.59,0.3682
43,0.2355,255,1082.80,0.0087,10671,45312.10,0.3625,46394.90,0.3712
44,0.2333,255,1093.01,0.0087,10671,45739.39,0.3659,46832.40,0.3747
45,0.2830,255,901.06,0.0072,10671,37706.71,0.3017,38607.77,0.3089
46,0.2732,255,933.38,0.0075,10671,39059.30,0.3125,39992.68,0.3199
47,0.2937,255,868.23,0.0069,10671,36332.99,0.2907,37201.23,0.2976
48,0.2832,255,900.42,0.0072,10671,37680.08,0.3014,38580.51,0.3086
49,0.2612,255,976.26,0.0078,10671,40853.75,0.3268,41830.02,0.3346
50,0.3250,255,784.62,0.0063,10671,32833.85,0.2627,33618.46,0.2689
51,0.2692,255,947.25,0.0076,10671,39639.67,0.3171,40586.92,0.3247
52,0.2721,255,937.16,0.0075,10671,39217.20,0.3137,40154.36,0.3212
53,0.3599,255,708.53,0.0057,10671,29649.90,0.2372,30358.43,0.2429
54,0.2921,255,872.99,0.0070,10671,36532.01,0.2923,37405.00,0.2992
55,0.2484,255,1026.57,0.0082,10671,42958.94,0.3437,43985.51,0.3519
56,0.2661,255,958.29,0.0077,10671,40101.47,0.3208,41059.75,0.3285
57,0.2970,255,858.59,0.0069,10671,35929.29,0.2874,36787.88,0.2943
58,0.2509,255,1016.34,0.0081,10671,42530.89,0.3402,43547.23,0.3484
59,0.2786,255,915.29,0.0073,10671,38302.23,0.3064,39217.52,0.3137
60,0.2565,255,994.15,0.0080,10671,41602.34,0.3328,42596.49,0.3408
61,0.2631,255,969.21,0.0078,10671,40558.72,0.3245,41527.94,0.3322
62,0.2796,255,912.02,0.0073,10671,38165.24,0.3053,39077.25,0.3126
63,0.2861,255,891.30,0.0071,10671,37298.15,0.2984,38189.44,0.3055
64,0.3390,255,752.21,0.0060,10671,31477.88,0.2518,32230.09,0.2578
65,0.3236,255,788.01,0.0063,10671,32975.90,0.2638,33763.91,0.2701
66,0.3204,255,795.88,0.0064,10671,33305.24,0.2664,34101.12,0.2728
67,0.2617,255,974.40,0.0078,10671,40775.70,0.3262,41750.10,0.3340
68,0.2425,255,1051.55,0.0084,10671,44004.12,0.3520,45055.67,0.3604
69,0.3128,255,815.22,0.0065,10671,34114.45,0.2729,34929.67,0.2794
70,0.2585,255,986.46,0.0079,10671,41280.46,0.3302,42266.92,0.3381
71,0.3629,255,702.67,0.0056,10671,29404.79,0.2352,30107.47,0.2409
72,0.2393,255,1065.61,0.0085,10671,44592.56,0.3567,45658.17,0.3653
73,0.2498,255,1020.82,0.0082,10671,42718.17,0.3417,43738.99,0.3499
74,0.2725,255,935.78,0.0075,10671,39159.63,0.3133,40095.41,0.3208
75,0.2682,255,950.78,0.0076,10671,39787.47,0.3183,40738.26,0.3259
76,0.2721,255,937.16,0.0075,10671,39217.20,0.3137,40154.36,0.3212
77,0.6344,255,401.95,0.0032,10671,16820.62,0.1346,17222.57,0.1378
78,0.2741,255,930.32,0.0074,10671,38931.05,0.3114,39861.36,0.3189
79,0.2729,255,934.41,0.0075,10671,39102.24,0.3128,40036.64,0.3203
80,0.2310,255,1103.90,0.0088,10671,46194.81,0.3696,47298.70,0.3784
81,0.2508,255,1016.75,0.0081,10671,42547.85,0.3404,43564.59,0.3485
82,0.2403,255,1061.17,0.0085,10671,44406.99,0.3553,45468.16,0.3637
83,0.2790,255,913.98,0.0073,10671,38247.31,0.3060,39161.29,0.3133
84,0.2857,255,892.54,0.0071,10671,37350.37,0.2988,38242.91,0.3059
85,0.2391,255,1066.50,0.0085,10671,44629.86,0.3570,45696.36,0.3656
86,0.2423,255,1052.41,0.0084,10671,44040.45,0.3523,45092.86,0.3607
87,0.2839,255,898.20,0.0072,10671,37587.18,0.3007,38485.38,0.3079
88,0.2459,255,1037.01,0.0083,10671,43395.69,0.3472,44432.70,0.3555
89,0.2465,255,1034.48,0.0083,10671,43290.06,0.3463,44324.54,0.3546
90,0.2570,255,992.22,0.0079,10671,41521.40,0.3322,42513.62,0.3401
91,0.2437,255,1046.37,0.0084,10671,43787.44,0.3503,44833.81,0.3587
92,0.3190,255,799.37,0.0064,10671,33451.41,0.2676,34250.78,0.2740
93,0.2942,255,866.76,0.0069,10671,36271.24,0.2902,37138.00,0.2971
94,0.2919,255,873.59,0.0070,10671,36557.04,0.2925,37430.63,0.2994
95,0.2842,255,897.26,0.0072,10671,37547.50,0.3004,38444.76,0.3076
96,0.2768,255,921.24,0.0074,10671,38551.30,0.3084,39472.54,0.3158
97,0.2924,255,872.09,0.0070,10671,36494.53,0.2920,37366.62,0.2989
98,0.2673,255,953.98,0.0076,10671,39921.44,0.3194,40875.42,0.3270
99,0.2885,255,883.88,0.0071,10671,36987.87,0.2959,37871.75,0.3030
100,0.2680,255,951.49,0.0076,10671,39817.16,0.3185,40768.66,0.3261
101,0.2509,255,1016.34,0.0081,10671,42530.89,0.3402,43547.23,0.3484
102,0.3656,255,697.48,0.0056,10671,29187.64,0.2335,29885.12,0.2391
103,0.2682,255,950.78,0.0076,10671,39787.47,0.3183,40738.26,0.3259
104,0.2859,255,891.92,0.0071,10671,37324.24,0.2986,38216.16,0.3057
105,0.2342,255,1088.81,0.0087,10671,45563.62,0.3645,46652.43,0.3732
106,0.2526,255,1009.50,0.0081,10671,42244.66,0.3380,43254.16,0.3460
107,0.2512,255,1015.13,0.0081,10671,42480.10,0.3398,43495.22,0.3480
108,0.2703,255,943.40,0.0075,10671,39478.36,0.3158,40421.75,0.3234
109,0.2967,255,859.45,0.0069,10671,35965.62,0.2877,36825.08,0.2946
110,0.2380,255,1071.43,0.0086,10671,44836.13,0.3587,45907.56,0.3673
111,0.2390,255,1066.95,0.0085,10671,44648.54,0.3572,45715.48,0.3657
112,0.2388,255,1067.84,0.0085,10671,44685.93,0.3575,45753.77,0.3660
113,0.2459,255,1037.01,0.0083,10671,43395.69,0.3472,44432.70,0.3555
114,0.2745,255,928.96,0.0074,10671,38874.32,0.3110,39803.28,0.3184
115,0.2473,255,1031.14,0.0082,10671,43150.02,0.3452,44181.16,0.3534
116,0.2364,255,1078.68,0.0086,10671,45139.59,0.3611,46218.27,0.3697
117,0.2418,255,1054.59,0.0084,10671,44131.51,0.3531,45186.10,0.3615
118,0.2594,255,983.04,0.0079,10671,41137.24,0.3291,42120.28,0.3370
119,0.2628,255,970.32,0.0078,10671,40605.02,0.3248,41575.34,0.3326
120,0.2364,255,1078.68,0.0086,10671,45139.59,0.3611,46218.27,0.3697
121,0.2815,255,905.86,0.0072,10671,37907.64,0.3033,38813.50,0.3105
122,0.2779,255,917.60,0.0073,10671,38398.70,0.3072,39316.30,0.3145
123,0.3144,255,811.07,0.0065,10671,33940.84,0.2715,34751.91,0.2780
124,0.2908,255,876.89,0.0070,10671,36695.32,0.2936,37572.21,0.3006
125,0.2242,255,1137.38,0.0091,10671,47595.90,0.3808,48733.27,0.3899
126,0.3765,255,677.29,0.0054,10671,28342.63,0.2267,29019.92,0.2322
127,0.2429,255,1049.81,0.0084,10671,43931.66,0.3515,44981.47,0.3599
128,0.2381,255,1070.98,0.0086,10671,44817.30,0.3585,45888.28,0.3671
129,0.2753,255,926.26,0.0074,10671,38761.35,0.3101,39687.61,0.3175
130,0.2437,255,1046.37,0.0084,10671,43787.44,0.3503,44833.81,0.3587
131,0.2570,255,992.22,0.0079,10671,41521.40,0.3322,42513.62,0.3401
132,0.2520,255,1011.90,0.0081,10671,42345.24,0.3388,43357.14,0.3469
133,0.2323,255,1097.72,0.0088,10671,45936.29,0.3675,47034.01,0.3763
134,0.2236,255,1140.43,0.0091,10671,47723.61,0.3818,48864.04,0.3909
135,0.2285,255,1115.97,0.0089,10671,46700.22,0.3736,47816.19,0.3825
136,0.2294,255,1111.60,0.0089,10671,46517.00,0.3721,47628.60,0.3810
137,0.2461,255,1036.16,0.0083,10671,43360.42,0.3469,44396.59,0.3552
138,0.2522,255,1011.10,0.0081,10671,42311.66,0.3385,43322.76,0.3466
139,0.2348,255,1086.03,0.0087,10671,45447.19,0.3636,46533.22,0.3723
140,0.2594,255,983.04,0.0079,10671,41137.24,0.3291,42120.28,0.3370
141,0.2346,255,1086.96,0.0087,10671,45485.93,0.3639,46572.89,0.3726
142,0.2732,255,933.38,0.0075,10671,39059.30,0.3125,39992.68,0.3199
143,0.2983,255,854.84,0.0068,10671,35772.71,0.2862,36627.56,0.2930
144,0.3265,255,781.01,0.0062,10671,32683.00,0.2615,33464.01,0.2677
145,0.2742,255,929.98,0.0074,10671,38916.85,0.3113,39846.83,0.3188
146,0.4744,255,537.52,0.0043,10671,22493.68,0.1799,23031.20,0.1842
147,0.2374,255,1074.14,0.0086,10671,44949.45,0.3596,46023.59,0.3682
148,0.2342,255,1088.81,0.0087,10671,45563.62,0.3645,46652.43,0.3732
149,0.2224,255,1146.58,0.0092,10671,47981.12,0.3838,49127.70,0.3930
150,0.7150,255,356.64,0.0029,10671,14924.48,0.1194,15281.12,0.1222
151,0.2245,255,1135.86,0.0091,10671,47532.29,0.3803,48668.15,0.3893
152,0.2358,255,1081.42,0.0087,10671,45254.45,0.3620,46335.88,0.3707
153,0.2381,255,1070.98,0.0086,10671,44817.30,0.3585,45888.28,0.3671
154,0.2227,255,1145.04,0.0092,10671,47916.48,0.3833,49061.52,0.3925
155,0.2679,255,951.85,0.0076,10671,39832.03,0.3187,40783.87,0.3263
156,0.2415,255,1055.90,0.0084,10671,44186.34,0.3535,45242.24,0.3619
157,0.2556,255,997.65,0.0080,10671,41748.83,0.3340,42746.48,0.3420
158,0.2594,255,983.04,0.0079,10671,41137.24,0.3291,42120.28,0.3370
159,0.2403,255,1061.17,0.0085,10671,44406.99,0.3553,45468.16,0.3637
160,0.2430,255,1049.38,0.0084,10671,43913.58,0.3513,44962.96,0.3597
161,0.2515,255,1013.92,0.0081,10671,42429.42,0.3394,43443.34,0.3475
162,0.2819,255,904.58,0.0072,10671,37853.85,0.3028,38758.42,0.3101
163,0.2373,255,1074.59,0.0086,10671,44968.39,0.3597,46042.98,0.3683
164,0.2349,255,1085.57,0.0087,10671,45427.84,0.3634,46513.41,0.3721
165,0.2438,255,1045.94,0.0084,10671,43769.48,0.3502,44815.42,0.3585
166,0.2869,255,888.81,0.0071,10671,37194.14,0.2976,38082.96,0.3047
167,0.2293,255,1112.08,0.0089,10671,46537.29,0.3723,47649.37,0.3812
168,0.2380,255,1071.43,0.0086,10671,44836.13,0.3587,45907.56,0.3673
169,0.2960,255,861.49,0.0069,10671,36050.68,0.2884,36912.16,0.2953
170,0.2912,255,875.69,0.0070,10671,36644.92,0.2932,37520.60,0.3002
171,0.2498,255,1020.82,0.0082,10671,42718.17,0.3417,43738.99,0.3499
172,0.2329,255,1094.89,0.0088,10671,45817.95,0.3665,46912.84,0.3753
173,0.2216,255,1150.72,0.0092,10671,48154.33,0.3852,49305.05,0.3944
174,0.2968,255,859.16,0.0069,10671,35953.50,0.2876,36812.67,0.2945
175,0.3019,255,844.65,0.0068,10671,35346.14,0.2828,36190.79,0.2895
176,0.2605,255,978.89,0.0078,10671,40963.53,0.3277,41942.42,0.3355
177,0.2342,255,1088.81,0.0087,10671,45563.62,0.3645,46652.43,0.3732
178,0.2251,255,1132.83,0.0091,10671,47405.60,0.3792,48538.43,0.3883
179,0.2563,255,994.93,0.0080,10671,41634.80,0.3331,42629.73,0.3410
180,0.2335,255,1092.08,0.0087,10671,45700.21,0.3656,46792.29,0.3743
181,0.2305,255,1106.29,0.0089,10671,46295.01,0.3704,47401.30,0.3792
182,0.2499,255,1020.41,0.0082,10671,42701.08,0.3416,43721.49,0.3498
183,0.2582,255,987.61,0.0079,10671,41328.43,0.3306,42316.03,0.3385
184,0.2391,255,1066.50,0.0085,10671,44629.86,0.3570,45696.36,0.3656
185,0.2442,255,1044.23,0.0084,10671,43697.79,0.3496,44742.01,0.3579
186,0.2406,255,1059.85,0.0085,10671,44351.62,0.3548,45411.47,0.3633
187,0.2320,255,1099.14,0.0088,10671,45995.69,0.3680,47094.83,0.3768
188,0.2409,255,1058.53,0.0085,10671,44296.39,0.3544,45354.92,0.3628
189,0.2516,255,1013.51,0.0081,10671,42412.56,0.3393,43426.07,0.3474
190,0.2490,255,1024.10,0.0082,10671,42855.42,0.3428,43879.52,0.3510
191,0.2370,255,1075.95,0.0086,10671,45025.32,0.3602,46101.27,0.3688
192,0.2335,255,1092.08,0.0087,10671,45700.21,0.3656,46792.29,0.3743
193,0.2672,255,954.34,0.0076,10671,39936.38,0.3195,40890.72,0.3271
194,0.2421,255,1053.28,0.0084,10671,44076.83,0.3526,45130.11,0.3610
195,0.2355,255,1082.80,0.0087,10671,45312.10,0.3625,46394.90,0.3712
196,0.2395,255,1064.72,0.0085,10671,44555.32,0.3564,45620.04,0.3650
197,0.2451,255,1040.39,0.0083,10671,43537.33,0.3483,44577.72,0.3566
198,0.2400,255,1062.50,0.0085,10671,44462.50,0.3557,45525.00,0.3642
199,0.3068,255,831.16,0.0066,10671,34781.62,0.2783,35612.78,0.2849
200,0.2305,255,1106.29,0.0089,10671,46295.01,0.3704,47401.30,0.3792
